Year,SettlementPoint,HourlyVolatility
2016,HB_WEST,0.6381954095351133
2017,HB_WEST,0.8045032196944921
2018,HB_WEST,0.8784914221676391
2019,HB_WEST,1.6047689052193816
